{
  "background-color": {
    "value": "#3f506e",
    "type": "color"
  },
  "secondaryColor": {
    "value": "#fff",
    "type": "color"
  },
  "text": {
    "heading-color": {
      "value": "{secondaryColor}",
      "type": "color"
    },
    "body": {
      "value": "{secondaryColor}",
      "type": "color"
    },
    "input-placeholder-color": {
      "value": "{placeholder-color}",
      "type": "color"
    },
    "link-color": {
      "value": "#50D3E8",
      "type": "color"
    }
  },
  "placeholder-color": {
    "value": "#757575",
    "type": "color"
  },
  "button": {
    "disable-background-color": {
      "value": "#D9DCE0",
      "type": "color"
    },
    "disable-text-color": {
      "value": "#A1A3A6",
      "type": "color"
    },
    "border-radius-md": {
      "value": "8px",
      "type": "borderRadius"
    },
    "button-width": {
      "value": "50px",
      "type": "sizing"
    },
    "button-spacing-y": {
      "value": "14px",
      "type": "spacing"
    },
    "button-spacing-x": {
      "value": "40px",
      "type": "spacing"
    }
  },
  "input": {
    "border-radius-md": {
      "value": "8px",
      "type": "borderRadius"
    },
    "background-color": {
      "value": "#ffffff",
      "type": "color"
    },
    "border-default": {
      "value": {
        "color": "{input.border-color}",
        "width": "{border-width-sm}",
        "style": "solid"
      },
      "type": "border"
    },
    "border-color": {
      "value": "#B5C0CC",
      "type": "color"
    },
    "spacing-y": {
      "value": "25px",
      "type": "spacing"
    },
    "spacing-x": {
      "value": "25px",
      "type": "spacing"
    },
    "input-width": {
      "value": "428px",
      "type": "sizing"
    }
  },
  "border-width-sm": {
    "value": "1px",
    "type": "borderWidth"
  },
  "spacing-md": {
    "value": "20px",
    "type": "spacing"
  },
  "spacing-lg": {
    "value": "50px",
    "type": "spacing"
  },
  "primaryFont": {
    "value": "Proxima Nova",
    "type": "fontFamilies"
  },
  "fontWeight": {
    "bold": {
      "value": "Bold",
      "type": "fontWeights"
    },
    "regular": {
      "value": "Regular",
      "type": "fontWeights"
    }
  },
  "line-height-h2": {
    "value": "48px",
    "type": "lineHeights"
  },
  "line-height-body": {
    "value": "20px",
    "type": "lineHeights"
  },
  "line-height-button": {
    "value": "36px",
    "type": "lineHeights"
  },
  "font-size-h2": {
    "value": "40px",
    "type": "fontSizes"
  },
  "font-size-body": {
    "value": "12px",
    "type": "fontSizes"
  },
  "font-size-input": {
    "value": "16px",
    "type": "fontSizes"
  },
  "font-size-button": {
    "value": "14px",
    "type": "fontSizes"
  },
  "line-height-input": {
    "value": "20px",
    "type": "lineHeights"
  },
  "logo": {
    "default": {
      "value": "#fff",
      "type": "color"
    },
    "secondary": {
      "value": "#50d3e8",
      "type": "color"
    }
  }
}